Song,Artist
3D (Justin Timberlake Remix),Jung Kook & Justin Timberlake
Lil Boo Thang,Paul Russell
Lovin On Me,Jack Harlow
DJ Play A Christmas Song,Cher
Wrap Me Up,Jimmy Fallon & Meghan Trainor
Find Your People,Drew Holcomb & The Neighbors
White Horse,Chris Stapleton
I Remember Everything (feat. Kacey Musgraves),Zach Bryan
Save Me (with Lainey Wilson),Jelly Roll
Fairytale Of Philadelphia,"The Philly Specials, Jason Kelce & Travis Kelce"
All I Want for Christmas Is You,Mariah Carey
Need A Favor,Jelly Roll
Standing Next to You,Jung Kook
Christmas / Sarajevo 12/24 (Instrumental),Trans-Siberian Orchestra
Houdini,Dua Lipa
Lose Control,Teddy Swims
3D,Jung Kook & Jack Harlow
Standing Next to You (Band Version),Jung Kook
Rockin' Around the Christmas Tree (Single),Brenda Lee
Standing Next to You (Future Funk Remix),Jung Kook
Standing Next to You (Holiday Remix),Jung Kook
Standing Next to You (PBR&B Remix),Jung Kook
Standing Next to You (Slow Jam Remix),Jung Kook
Standing Next to You (Latin Trap Remix),Jung Kook
Cruel Summer,Taylor Swift
Thinkin’ Bout Me,Morgan Wallen
Standing Next to You (Instrumental),Jung Kook
Paint The Town Red,Doja Cat
Where the Wild Things Are,Luke Combs
90s Rap Mashup,Austin Williams
Water,Tyla
Now And Then,The Beatles
Fairytale Of Philadelphia,"The Philly Specials, Jason Kelce & Travis Kelce"
Last Night,Morgan Wallen
Fast Car,Luke Combs
greedy,Tate McRae
Daylight,David Kushner
The Christmas Song (Merry Christmas to You),"Nat ""King"" Cole"
Rich Men North of Richmond,Oliver Anthony Music
Lovin On Me,Jack Harlow
You're the Inspiration,Chicago
Is It Over Now? (Taylor's Version) [From The Vault],Taylor Swift
Snowman,Sia
Used To Be Young,Miley Cyrus
White Christmas,Bing Crosby
Last Christmas (Single Version),Wham!
Fancy Like Christmas,Walker Hayes
Wild Ones (Extended Version),Jessie Murph & Jelly Roll
Wizards in Winter (Instrumental),Trans-Siberian Orchestra
MONACO,Bad Bunny
Lover,Taylor Swift
The Chipmunk Song (Christmas Don't Be Late),Alvin & The Chipmunks
Sin So Sweet,Warren Zeiders
Let It Be (feat. Paul McCartney & Ringo Starr),Dolly Parton
The Thanksgiving Song,Adam Sandler
Anti-Hero,Taylor Swift
Save Me,Jelly Roll
Christmas Tree Farm,Taylor Swift
Seven (Explicit Ver.),Jung Kook & Latto
Flowers,Miley Cyrus
Son Of A Sinner,Jelly Roll
To Be A Man (feat. Darius Rucker),Dax
A Mad Russian's Christmas (Instrumental),Trans-Siberian Orchestra
Karma,Taylor Swift
TRUCK BED,HARDY
Calm Down,Rema & Selena Gomez
Tennessee Whiskey,Chris Stapleton
Underneath the Tree,Kelly Clarkson
Better Place (From TROLLS Band Together),*NSYNC & Justin Timberlake
Find Your People,Drew Holcomb & The Neighbors
You Make It Feel Like Christmas (feat. Blake Shelton),Gwen Stefani
Islands In the Stream,Dolly Parton & Kenny Rogers
Gobble Gobble,Matthew West
exes,Tate McRae
Dance The Night,Dua Lipa
It's Beginning To Look a Lot Like Christmas,Michael Bublé
Watermelon Moonshine,Lainey Wilson
World On Fire,Dolly Parton
Can’t Catch Me Now (from The Hunger Games: The Ballad of Songbirds & Snakes),Olivia Rodrigo
Unstoppable,Sia
ONE MORE TIME,blink-182
...Ready For It?,Taylor Swift
"Christmas (Baby, Please Come Home) [with Darlene Love]",Cher
Labios Mordidos,Kali Uchis & KAROL G
Something in the Orange (Z&E's Version),Zach Bryan
A Lot More Free,Max McNown
Love Story (Taylor’s Version),Taylor Swift
"Mary, Did You Know?",CeeLo Green
"What Was I Made For? [From The Motion Picture ""Barbie""]",Billie Eilish
Rolling in the Deep,Adele
Dial Drunk,Noah Kahan & Post Malone
Please Santa Please,Pentatonix
Linus and Lucy,Vince Guaraldi Trio
It's the Most Wonderful Time of the Year,Andy Williams
The Painter,Cody Johnson
Evil Ways (feat. J. Cole),Drake
Dirt Cheap,Cody Johnson
Agora Hills,Doja Cat
World on Fire,Nate Smith
Thank God I Do,Lauren Daigle
Cruel Summer,Taylor Swift
Lovin On Me,Jack Harlow
Paint The Town Red,Doja Cat
Snooze,SZA
Is It Over Now? (Taylor's Version) [From The Vault],Taylor Swift
I Remember Everything,Zach Bryan Featuring Kacey Musgraves
Fast Car,Luke Combs
Greedy,Tate McRae
Last Night,Morgan Wallen
Thinkin' Bout Me,Morgan Wallen
Houdini,Dua Lipa
White Horse,Chris Stapleton
Need A Favor,Jelly Roll
Agora Hills,Doja Cat
Water,Tyla
Rich Baby Daddy,Drake Featuring Sexyy Red & SZA
All I Want For Christmas Is You,Mariah Carey
Fukumean,Gunna
Save Me,Jelly Roll With Lainey Wilson
Dance The Night,Dua Lipa
Vampire,Olivia Rodrigo
Used To Be Young,Miley Cyrus
Lil Boo Thang,Paul Russell
Monaco,Bad Bunny
First Person Shooter,Drake Featuring J. Cole
IDGAF,Drake Featuring Yeat
What Was I Made For?,Billie Eilish
Good Good,"Usher, Summer Walker & 21 Savage"
Flowers,Miley Cyrus
My Love Mine All Mine,Mitski
Stick Season,Noah Kahan
Last Christmas,Wham!
Now That We Don't Talk (Taylor's Version) [From The Vault],Taylor Swift
Dial Drunk,Noah Kahan With Post Malone
What It Is (Block Boy),Doechii Featuring Kodak Black
Kill Bill,SZA
Northern Attitude,Noah Kahan With Hozier
Jingle Bell Rock,Bobby Helms
Lose Control,Teddy Swims
Harley Quinn,Fuerza Regida & Marshmello
Daylight,David Kushner
I Know ?,Travis Scott
Wild Ones,Jessie Murph & Jelly Roll
A Holly Jolly Christmas,Burl Ives
Barbie World,Nicki Minaj & Ice Spice With Aqua
Pretty Little Poison,Warren Zeiders
World On Fire,Nate Smith
On My Mama,Victoria Monet
Slut! (Taylor's Version) [From The Vault],Taylor Swift
Standing Next To You,Jung Kook
500lbs,Lil Tecca
Strangers,Kenya Grace
Say Don't Go (Taylor's Version) [From The Vault],Taylor Swift
Bad Idea Right?,Olivia Rodrigo
Great Gatsby,Rod Wave
Get Him Back!,Olivia Rodrigo
Can't Have Mine,Dylan Scott
Virginia Beach,Drake
Everything I Love,Morgan Wallen
Standing Room Only,Tim McGraw
Try That In A Small Town,Jason Aldean
The Painter,Cody Johnson
Cobra,Megan Thee Stallion
Truck Bed,HARDY
Qlona,Karol G & Peso Pluma
Too Much,"The Kid LAROI, Jung Kook & Central Cee"
Perro Negro,Bad Bunny & Feid
Hey Driver,Zach Bryan Featuring The War And Treaty
Style (Taylor's Version),Taylor Swift
Rich Men North Of Richmond,Oliver Anthony Music
Meltdown,Travis Scott Featuring Drake
Bongos,Cardi B & Megan Thee Stallion
Slime You Out,Drake Featuring SZA
Segun Quien,Maluma & Carin Leon
Que Onda,Calle 24 x Chino Pacas x Fuerza Regida
Now And Then,The Beatles
Single Soon,Selena Gomez
Burn It Down,Parker McCollum
LaLa,Myke Towers
Bad Blood (Taylor's Version),Taylor Swift
Can't Catch Me Now,Olivia Rodrigo
Turks & Caicos,Rod Wave Featuring 21 Savage
SkeeYee,Sexyy Red
3D,Jung Kook & Jack Harlow
Out Of The Woods (Taylor's Version),Taylor Swift
Wildest Dreams (Taylor's Version),Taylor Swift
El Amor de Su Vida,Grupo Frontera & Grupo Firme
Save Me The Trouble,Dan + Shay
Stars Like Confetti,Dustin Lynch
LALALALA,Stray Kids
Seven,Jung Kook Featuring Latto
Suburban Legends (Taylor's Version) [From The Vault],Taylor Swift
Blank Space (Taylor's Version),Taylor Swift
We Don't Fight Anymore,Carly Pearce Featuring Chris Stapleton
Smurk Carter,Lil Durk
Mi Ex Tenia Razon,Karol G
Different 'Round Here,Riley Green Featuring Luke Combs
But I Got A Beer In My Hand,Luke Bryan
Better Than Ever,YoungBoy Never Broke Again & Rod Wave
Soak City (Do It),310babii
